Review,Sentiment
beautiful package bintang safety nya,netral
tipe kulit kering,netral
kirim beda provinsi gapapa packingnya aman banget moga cocok baik kulit tipe kulit minyak,positif
top,positif
tipe kulit minyak tipe kulit kering tipe kulit normal tipe kulit kombinasi kulit kerut kulit jerawat kulit pori tipe kulit sensitif,negatif
exp,netral
no review found,netral
banget sih beli bagus banget ya muka kemas biru viral perskincare an semenjak hamil stop pakai produk bayi coba kangen sensasi pakai feelnya beda moga ngaruh jerawat suka muncul,positif
tipe kulit minyak,netral
tipe kulit minyak kulit pori,netral
tipe kulit minyak tipe kulit normal tipe kulit kering tipe kulit kombinasi kulit jerawat kulit kerut kulit pori tipe kulit sensitif,negatif
barang sesuai pesan,positif
kirim oke saran facial wash nya fragrance biar bau enak bau nyaman,netral
moga cocok cocok banget pakai,positif
kirim cepat mantap,positif
alhamdulillah barang emas barang ok thank you kurir sicepat team avoskin,positif
bahan gampang serap,netral
bagus,positif
bagus,positif
oke,positif
gratis mini pouch terima kasih moga cocok,positif
alhamdulillah barang moga cocok selau harga diskon yes,positif
cocok produk,positif
kali kali beli toko official kali beli amanah thanks,netral
barang nya oke,positif
tipe kulit minyak tipe kulit sensitif kulit pori,negatif
tipe kulit minyak tipe kulit sensitif,negatif
so far so good for daily use,netral
tipe kulit kombinasi pakai hasil moga cocok ya,positif
tipe kulit kombinasi kulit jerawat kulit pori,netral
coba moga cocok kulit,positif
kemarin coba cocok tekstur ringan mudah blend whitecast oily apply bagus banget moga diskon,positif
moga manjur exfoliasi wajah,netral
doesn smell as nice as other brands very chemical,netral
tipe kulit normal,netral
nemu serum cocok,positif
tipe kulit kering thanks seller tokped,netral
good product thanks seller,netral
terima kasih barang terima,positif
produk bocor apply muka asa lembab,negatif
keluar sunscreen spf avo team formulasi persis kayak tgs please tipe kulit mudah jerawat kayak,netral
paket rapi kirim cepat seblmnya pakai varian ybs cocok moga cocok varian,positif
coba tau hasil,netral
yeey deh moga cocok kulit biar tetap produk avoskin,positif
barang selamat packaging bagus sesuai order,positif
barang coba moga cocok,positif
always the best sih sih avoo thanks avo cocok kece hasil,positif
tipe kulit minyak tipe kulit kombinasi tipe kulit kering tipe kulit normal tipe kulit sensitif kulit jerawat kulit kerut kulit pori,negatif
tipe kulit kombinasi kulit kerut kulit pori,negatif
beli sekian kali,netral
rugi banget sesal beli toner coba paling merk bikin kecewa avoskin beli ml kirim ml aaaaaa chat solusi suruh tunggu senin bikin tambah emosi review rating ganti senin solusi ganti rugi,negatif
alhamdulillah seller komunikatif gercep coba produk moga cocok amin,positif
tipe kulit normal oily pori gede komedo hidung moga bantu ya xixi,netral
thank you selamat,positif
kulit jerawat,netral
tipe kulit kombinasi,netral
tipe kulit minyak tipe kulit kering tipe kulit kombinasi tipe kulit normal tipe kulit sensitif kulit jerawat kulit kerut kulit pori,negatif
andal exfo malam terima kasih tokped asih promo harga,positif
pakai sekian kali cocok toko percaya,positif
deh ragu kalo avo mah,netral
tipe kulit minyak serum resap ringan wajah bikin lengket moga benar cerah ya,positif
tipe kulit minyak kulit pori kulit jerawat,netral
barang orisinal,netral
coba moga cocok bagus kulit,positif
coba moga cocok hasil bagus amin,positif
coba moga cocok,positif
barang mantap muas,positif
bikin wajah lembab minyak cocok,positif
kualitas serum moisturizer avoskin top habis deh worthed buy emas super rapi kirim cepat,positif
sesuai harga murce diskon,positif
pesan resi nya tulis pcs salah divideoin percaya beli eeeehh ya divideoin foto doang,netral
moga cocok,positif
barang selamat jual responsif terima kasih,positif
beli mama cocok banget mama usia mama pakai kulit mulus kerut kurang repurchase kali,positif
exp alhamdulillah moga cocok coba pakai retinol pakai refining suka banget,positif
lembut bagus kulit normal dry sensitif cocok kulit minyak jerawat pump,positif
kirim oke exp produk serum exp toner mending,positif
bagus cream mata kurang mata panda mata segar pokok mantap deh,positif
toner keren avoskin,positif
sunscreen baik,positif
produk avoskin kecewa,negatif
packagingnya oke coba produk so far toner oke mudah cocok sih toner serum,positif
bahan ringan coba moga cocok,positif
tipe kulit minyak jerawat moga cocok pakai rangkain avoskin moisturizer pakai hasil oke tinggal serum thank you seller tokped,positif
packaging super safe rapi selamat tangan,positif
packaging nya rapi super safe segel produk aman tang,positif
kirim cepat emas aman barang sesuai expired aman,positif
tipe kulit minyak kulit pori kulit kerut tipe kulit sensitif,negatif
gel mudah serap travel size pas katup plastik kadang suka rapat mudah tumpah,positif
tipe kulit kering tipe kulit sensitif,negatif
pakai serum vit avoskin bagus rajin pakai pagi bekas jerawat hempas,netral
enak banget pakai oily dry mula exfo cocok banget,positif
paket pesan jum at senin siang diskon ribu cashback ribu gopay coin free ongkir btw serum cocok banget treatment dermapen ya bekas jerawat pudar,netral
paket packing rapi pakai produk cocok puffiness mata kurang thanks,positif
beli serum ampuh eksfoliasi coba tonernya,netral
coba mudah an cocok packing suka ngt,positif
exp diskon packingan suka beli,positif
tipe kulit minyak tipe kulit sensitif kulit kerut kulit pori kulit jerawat tipe kulit kombinasi,negatif
kulit jerawat tipe kulit sensitif kulit kerut tipe kulit minyak moga cocok serum packing rapi,positif
kulit kerut tipe kulit kering,negatif
kirim cepat barang sesuai gambar,positif
masyaallah harga diskon terima kasih seller,positif
kulit glowing suka banget masker avoskin,positif
tipe kulit normal moga cocok coba produk,positif
tipe kulit minyak kulit jerawat kulit pori kulit kerut,negatif
bagus produk nya terima kasih,positif
cocok kulit wajah melembabkan ed beli stok mumpung diskon,positif
tipe kulit normal alhamdulillah cocok sajja thank you for everyone hulu hilir thanks lot kasih diskon moga laris sukses ya love all,positif
tipe kulit minyak cocok,positif
cocok pakai alpha arbutin coba tipe kulit sensitif kulit pori,positif
toner exfo mantap,positif
repurchase sekian kali harga bawah mantap avo,positif
pesan terima emas aman terima kasih,positif
tekstur nya ringan gampang blend nyaman kulit acneprone oily parah moga cocok ubah biar next order tipe kulit sensitif kulit jerawat kulit pori tipe kulit minyak tipe kulit kering,negatif
coba moga cocok terima kasih seller fan tokped tipe kulit kering,positif
ingredients nya bikin penasaran pengin coba repurchase produk avo cocok aaaa,positif
kirim banget tolong ganti kurir,netral
emas oke moga cocok,positif
ok moga cocok,positif
bintang pertama dikirimin expired beli harga normal beli chat beda harga normal sale sale expired normal expired return ganti expired proses return nya ribet banget expedisi sicepat pick up maksud teliti buang urus return nya moga depan teliti ya packing aman bagus admin responsive thank you,positif
packing aman expired,positif
huhu serum nya cepat banget kirim beli harga diskon pakai moga cocok muka ku tipe kulit normal,positif
tipe kulit sensitif,negatif
paket lempar kurir ya tulis fragile dus,netral
barang kali coba moga cocok,positif
serum baik baik skin barier rusak pakai serum hasil jerawat muncul kulit rewel please produksi serum pakai kulit,positif
cari alternatif ingredients samar bekas jerawat cocok vit niacin alpha arbutin,negatif
pakai ngefek banget kulit bikin lembab beruntus dibarengin refining tonernya,netral
tipe kulit minyak kulit jerawat,netral
tipe kulit normal cepat resap kulit,positif
bagus suka,positif
pesan tanggal kirim tanggal tanggal bawa terbang kecewa kali layan senang produk bagus guna avoskin,netral
pesan tanggal kirim tanggal tanggal bawa terbang kecewa kali layan senang,netral
pesan tanggal kirim tanggal tanggal bawa terbang kecewa kali layan senang produk bagus guna setia avoskin,positif
oke banget sih admin detail,positif
produk bungkus kardus bolong bolong bikin trigger trypophobia norak banget,negatif
ringan muka cocok kulit minyak pakai minggu aman muka,positif
kali coba moga cocok,positif
mantap puas,positif
coba,netral
pesan sesuai gambar,positif
avoskin seri miraculous ragu sih repurchase botol botol packagingnya botol plastik botol kaca teman teman kulit kusam whitehead blackhead wajib produk sih best,negatif
bismillah moga cocok,positif
harga murce pakai voc beli lokal coba moga cocok,positif
pakai mantul banget serum alpha malam pakai pagi glowing,netral
clearance sale produk exp mantap,positif
pakai minggu lumayan ngaruh tipe kulit wajah minyak,positif
pakai produk,netral
pliket kulit timbul jerawat tipe kulit kombinasi,netral
the best terima kasih ya,positif
andal beruntus,netral
produk original muas,netral
kecewa pesan sesuai deskripsi display foto pesan mes paket skincare loveable exfoliating kit for oily isi skincare salycylic acid serum moisturizer lactic acid sesuai pes moisturizernya salah lupa me record vidio unboxing aju complain moga tim avoskin teliti,negatif
pakai cekit cekit ya besok pagi langsung glowing oiya pakenya kulit sensitif,negatif
mantap,positif
beli,netral
botol berapa cocok,positif
tipe kulit minyak kulit jerawat kulit pori,netral
bagus,positif
packingan rapi bagus,positif
eks packinganny aman banget pakai kerdus paperwrap alhamdulillah cocok muka jerawat emas cepat and kirim super cepat,positif
bagus kulit jerawat kirim cepat aman terima kasih seller,positif
coba,netral
spf tering cocok kulit kemas mungil traveling friendly,positif
produk sesuai coba hidrasi,positif
tipe kulit minyak moga cocok,positif
pakai serum cerah tekstur bening kental kirim super minggu,positif
beli sekian kali kulit kenyal sehat muda,positif
tipe kulit kombinasi kulit kerut,negatif
phte avoskin bagus kelembaban pas kulit oily acne prone habis botol phte,positif
exp mantap,positif
tipe kulit minyak tipe kulit sensitif kulit kerut kulit jerawat kulit pori tipe kulit kombinasi,negatif
exp,netral
kulit kerut kulit jerawat tipe kulit kering,negatif
langgan official store jamin asli produk thanks,positif
ringan gampang serap,netral
oke min coba ya,positif
oke min coba ya,positif
serum avoskin pertama repurchase cocok kulit kering efek glowing kirim jogja jakarta minggu,positif
ok,netral
aman alhamdulillah diskon ribu tokped yaampun terima kasih stay tune tokped diskon,positif
packaging nya aman echo friendly,positif
tipe kulit normal tipe kulit kombinasi,netral
ok kirim cepat kali coba varian moga cocok,positif
tipe kulit minyak cocok pakai serum,positif
repurchase cocok banget kalo kombinasi ysb alpha arbutin hilang bekas jerawat hitam,negatif
barang debu banget moga mah dalem aman,positif
eksfoliasi banget recommend pakai avoskin cocok moga cocok kulit langgan avoskin kali coba toner eksfoliasi kemarin serum lactacid acid kemas ampeg bagus safety,positif
pakai rutin tidur minggu hasil signifikan,netral
tipe kulit kombinasi kulit pori,netral
coba moga cocok,positif
kulit jerawat kulit pori tipe kulit sensitif banget ukur,negatif
kualitas produk sesuai deskripsi barang terima kondisi kirim cepat respon seller terima kasih,positif
senang kali emas kirim cepat lupa diskon coba malam moga cocok terima kasih avoskin,positif
kali coba sih moga cocok kirim packaging ragu ya,positif
barang kondisi hasil tau so coba produk,netral
first time trying this avo toner hopefully works on my skin overall well packaged coz there is no plastic and very sustainable but takes time lil bit longer tahan expect,netral
nyampainya kurir pick up paket responnya komplain untung skincare rutin pakai avoskin tonernya doang,negatif
nice,netral
avoskin the best cocok banget harga relatif jangkau,positif
gacha exp skincare,netral
bahan cair kental gampang serap cocok kulit sensitif,positif
packaging nya ramah lingkung nice,positif
kirim barang aman,positif
mantul dah pokok,netral
fyi face wash avoskin ubah viscosity tumpah sabun tumpah beli kecuali niat baik brand ya jual barang tumpah percaya nya customer service bilang kualitas bagus salah sila cek ulas customer komennya batch produk viscosity ubah ya encer mending beli thanks rugi,netral
beli hte vakum ubah botol kaca plastik paket pesan jumat sore salah sih paket aman sentosa,netral
ok barang deh exp date moga cocok,positif
packingan oke moga cocok,positif
coba moga cocok terima kasih bonus,positif
cabe rawit,netral
barang aman rusak moga kulit cocok,netral
aman,positif
packing keren barang mantap deh haru produk bagus beli store mall pas malas belanja hidup penuh kerja lapor kantor,netral
banget kirim apa,netral
beli so far so good exp date,netral
ok barang deh moga cocok coba varian exp date,positif
paket terima kasih packing aman kondisi barang terima kasih freebiesnya,positif
coba moga cocok packaging aman kirim cepat overall good,positif
beli kirim kirim kondisi barang terima buka segel nya,netral
proses kirim cepat product packaging sesuai deskripsi avoskin ok sih cocok brush nya keras,positif
cocok produk avoskin terima kasih min kasih bonus kaca,positif
packaging bagus banget aman banget produk bibir kering melembabkan oles bagus produk warna pink nya bikin efek bibir sehat bibir hitam,positif
mantul sih pagi halus,positif
packaging aman proses emas tahap kirim,positif
tonernya bagus banget bikin kulit halus besok pagi pokok mantap,positif
diskon,netral
kecewa kirim nya banget,negatif
packing aman barang terima beli moga cocok muka kirim,positif
bagus banget cuman ngirimnya salut admin sabar profesional jalan tugas fast respon,positif
serum hyaluronic acid bikin kulit plump glowing glass skin tekstur gel thick lengket pas apply harga jangkau,netral
terima kasih murah banget moga berkah ya moga cocok,positif
mudah serap lembab nice produk,positif
gampang serap melembabkan pudar bekas jerawat,negatif
kali coba toner eksfoliasi avoskin moga cocok deh,positif
produk sesuai packing aman kirim cepat,positif
imut,positif
coba moga cocok,positif
segel aman,positif
segel kotak buka,netral
segel kotak buka,netral
oke,positif
order tanggal request pick up tanggal pick up tanggal beli tanggal apa kualitas barang bagus kasih bintang,positif
bahan ringan aroma cair pakai aman bikin kulit kering telah moga cocok depan,positif
bismillah moga cocok,positif
emas banget,positif
bagus packing nya aman kirim nya minggu barang nya banget kalo toko oren bandung,positif
mantap,positif
barang proses beli pcs bayar pcs pcs lambat kirim terima kasih alam belanja,positif
mudah mudah cocok reviewnya bagus,positif
oke kadang suka proses,positif
alhamdulillah aman,positif
isi penuh kecewa,netral
serum favorit beli pas clearence sale harga affdorable banget kayak cantik bersihin kali ya debu nya barang beli barang clearance puas belanja,positif
repurchase serum cinta,positif
pakai langsung ngeresap enak banget moga uas pakai serum,positif
ok moga cocok,positif
ok coba,netral
ok coba moga cocok,positif
pakai moga cocok,positif
coba pakai sih moga cocok kulit wajah ku,positif
kirim cepat kali order toner excellent,positif
kirim cepat kualitas,positif
cocok pakai serum aman iritasi kulit,positif
mantap pakai voucher,positif
kemas ramah lingkung aman moga cocok serum buat anak bangsa,positif
terima kasih kak serum avoskinnya kali pakai moga cocok kulit ku bantu samar noda bekas jerawat,netral
gapapa jogja coba moga cocok eaa,positif
kirim aman banget worry kemas botol kaca,positif
coba travel kit cocok exp sih maret,positif
banget tumben apa alhamdulillah beli harga cuci gudang banget exp akkk terima kasih avoskin,positif
kirim aga pesan tanggal pakai produk avoskin kulit penasaran reviewnya kaya bagus soldout beli prmo harga ribu thanku tokped,positif
taro meja senggol bantu alhasil pecah,negatif
botol bagus paket ngirimnya lumayan ya terima kasih bonus cermin,positif
serum cinta sih cabe rawit bik kulit mulus aaa love banget harga bikin dompet kering ya promo yhh minvoo hihii btw avoskin packagingnya juara kirim pakai kardus kertas cakep gulung really love avoskin mwahh,positif
moga cocok,positif
kali coba tonernya moga cocok,positif
langgan cocok pakai serum thanks seller,positif
serum cair banget pakai asa banget efek,netral
sesuai pesan,positif
suka banget pakai serum aa cocok kulit alhamdulillah,positif
kombinasiin avoskin seri ysb hasil bagus kulit emas toko cepat ekspedisi banget bogor,positif
iseng checkout travel kit coba takut cocok pakai avoskin inbox csnya pakai bareng ampoulenya devine aura pas coba besok pagi beda jerawat langsung kempes kulit lembab oily kasih banding picnya serum versi ya,netral
cepat banget nya cool packaging too produk aman pecah terima kasih mas kurir seller nya,positif
beli warna kuning ya pakai efek negatif sih,netral
habis pakai botol benar ngilangi bekas rutin rajin,netral
produk rilis coba diskon moga cocok,positif
bahan gel bening coklat pakai ysb moga cocok cz beli ijo gentle wash nya,positif
beli toner kirim serum,netral
beli kirim,netral
bagus banget kulit oily hilang bruntusan kecil pori,positif
ragu sih produk worth buy kirim cepat packagingnya super aman thanks seller,positif
barang terima expired,netral
best combo malam pakai toner exfo alpha arbutin,netral
toner sayang banget pakai pakai serum retinolnya avoskin tekstur cair kentel lengket cinta banget pas beli kemarin harga murah cashback huhu lovee terima kasih tokopedia avoskin,positif
terima kasih giftnya,positif
pakai langsung licin muka gilasiiihh,netral
paket kemas aman pakai kali alhamdulillah cocok,positif
kualitas problem sih proses kirim libur,netral
tekstur nya cair beli ragu beli official store tekstur cair cocok kemas tube produk nya nya pakai boros kalo customer service nya turus viskositas turus kualitas ya buka turus viskositas,negatif
packingnya aman,positif
kirim banget minggu,netral
bahan ringan lembab cocok kulit kering,positif
beli serum hyaluron sekian kali cocok bikin kulit lembab terima kasih cermin nya kak,positif
pakai avoskin kali coba toner ysb vit kali moga cocok terima kasih bonus kak,positif
cocok kulit kirim,positif
kasih free pouch banget butuh pouch skinker ah happy banget terima kasih ya,positif
sayang cocok kulit sensitif bikin kulit kering kasar,positif
coba moga cocok packing aman,positif
coba tonernya moga cocok,positif
pesan tanggal tanggal tau alas jadwal payday double date bintang kurir pilih toko,netral
kali produk retinol niacinamide konsistensi kental toner salah tuang kapas usap muka suka produk serum kayak resap banget bikin kulit kayak minyak sih ubah signifikan ya minggu pakai lumayan kelupas banget kulit which is good pakai retinol cepat peluruh kulit mati kulit kenyal suka baik botol mereview botol tutup tempel produk tumpah bawa traveling good job,positif
review gin pakai minggu baru reviewnya,netral
mantul banget,netral
alhamdulillaah packingan bagus plastik cocok kulit wajah beli diskon voucher,positif
harga clearance expired tuh senang banget ya thanks avoskin,positif
terima kasih,positif
kali beli serum,netral
bagus barang recomended,positif
bahan ringan gampang serap,netral
terima kasih layan bantu maksimal toko barang selamat,positif
proses terima barang panjanhmg awal salah terima kasih toko usaha hubung kurir barang selamat terima kasih sicepat tanggung moga pakai coba,netral
mantap pakai banget jalan kirim banget,positif
barang aman kirim cekoutnya dekat suka banget exp nya thanks avoskin,positif
coba kali moga cocok,positif
barang aman tuju promo langsung beli xixixi cocok banget kulit ku kombinasi deh repurchase kali ya lupa,positif
bintang guys kali coba mudah cocok muka ku kemas rapi aman banget perfect kirim lumayan jakarta,positif
murah habis,positif
barang aman pakai kali lengket cepat kering langsung resap pakai bulan mudah han efek,positif
coba,netral
cocok,positif
lucu banget kaca beli kaca terima kasih avoskinn moga cocok serum,positif
gapapa pesan bonus kaca,positif
kecewa tutup dalam seprti tempel tutup terima kasih bonus kaca,positif
coba moga cocok kulit packing super aman terima kasih bonus cermin lipat moga berkah,positif
coba moga cocok kulit emas ama banget dobel kardus paper wrap kirim wajar jogja bdg thanks kasih bonus moga berkah,positif
minggu nih kalo belanja anyway thank you for the gift,netral
paket lama terima beli des des hayo,negatif
moga bagus bulu mata ya,positif
produk bagus cocok melembabkan bibir kering kirim aman cepat,positif
oke cocok kulit,positif
ihiww bonus thank you,positif
kirim,netral
kali coba kirim aman free cermin terima kasih avoskin,positif
aman bahagia bonus langgan kali beli thank you avoo,positif
tunggu banget kirim jakarta timur jawa timur moga cocok pakai beli travel size emas aman,positif
skin type kombinasi skin concern kulit kusam tekstur kasar tua barusan pakai malam tekstur kental warna bening bau usap wajah butuh kali serap tau efek muka mesti tunggu besok pagi overall oke,negatif
senang banget iseng war harga doang coba coba susu recommended pakai bumil busui moga cocok thank you avoskin,positif
wishlist penuh cari pelembab cerah moist tokped murah terima kasih avoskin tokped,positif
salah comfort serum bikin kulit halus lembut,positif
tekstur kental pakai moga sesuai klaim,positif
iseng coba produk avoskin juara pakai malam bangun tidur wajah auto cerah plumpy minyak pakai serum,positif
coba moga cocok bikin kering,positif
turut sih exfoliating toner baik tau deh botol berapa saking cinta,positif
suka alhamdulillah cocok,positif
eye ampoule nya mudah resap kali maki timbul alergi,positif
bagus banget minggu coba benar bagus kalo habis bangun tidur lembab lembut name tag lucu terima kasih ya,positif
butek ya serum min coba alpha arbutin pakai niacinemed lihat hasil habis pakai,netral
terima kasih paket exp mash,positif
harga ribu exp terima kasih avoskin,positif
hoki banget terima kasih avoskin,positif
cocok pakai bekas jerawat hilang,negatif
ringan enak banget pakai,positif
coba ngabisin next review kalo hasil,netral
cocok banget oily skin kayak,positif
pakai rasa halus muka,positif
persis sesuai order customer service responsif packaging solid delivery gesit patut acung ol,positif
barang aman packinya aman kali pakai moga cocok,positif
coba alpha arbutin barang aman kirim cepat kecewa,positif
repurchase kali nya lactid acid avoskin product exfo ganti deh lanjur cinta bagus banget kirim cepat adminnya responsif,positif
beli bagus skalian nyetok beli sukses ovoskin,positif
coba moga cocok kirim rada respon customer service cepat nice,positif
bagus,positif
gemas packagingnya emas rapi aman cocok pakai produk avoskin nutrisi bibir melembabkan kurang kerut pasti cerah bibir cus order ya,positif
wiiii terima kasih banget avoskin checkout pas potong fast banget cuman hari bismillah moga cocok,positif
produk bagus kalo digabungin serum bau enak,netral
kulit overnight fluffy,netral
toner andal sih,netral
produk oke layan proses barang checkout pegang kurir,positif
cocok banget sunscreen terima kasih,positif
diskon ongkir kirim lambat mending ongkir normal barang cepat butuh barang,netral
proses pesan cepat,positif
test,netral
lihat review textured skin coba moga ampuh ya,netral
sesuai sip coba sih,positif
kirim cepat emas pokok bagus deh moga habis repurchase,positif
moga cocok,positif
sip,netral
tunggu minggu barang tau nya zonk tuker cancel barang kirim nya barang tukar konfirmasi,netral
toner pecah tau jual kirim kecewa avoskin tangan cepat rugi barang rugi waktu tunggu proses komplain,netral
gue beli serum lactic acid kirim jeroan tamia sial tanggung avoskin ekspedisi sih lelet blunder angkat tangan solutif duit hilang barang,negatif
tonernya tekstur cair serum tekstur kental mudah mudah cocok kalo coba mending beli travel kit,positif
avoskin ragu,netral
kirim packingannya rapi banget,positif
baca deskripsi exp nya tau harga diskon banget kirim cepat thankyou banget avoskin,positif
bagus banget muka kering cocok kulit sensitif minyak,positif
melembabkan banget tekstur kental cepat banget nyerepnya,positif
beli cocok kulit bikin iritasi,positif
order polypeptide terima aqua ceramide,netral
produk sesuai deskripsi jual recommended seller,positif
pakai cocok bikin kulit kering,positif
