Review,,,,
No review found,,,,
Ini parah banget seller dan pengiriman kurir. UDAH LAMA BANGET KIRIMNYA. Plus waktu sampai dibuka paketnya rusak! Gajelas ini seller tidak professional dan tidak niat jualan sama sekali. Meskipun official store. Tolong hargai customer dengan dapat membungkus paket dengan baik dan benar!!!,,,,
tipe kulitku sensitif,,,,
baru pertama kali coba. Baca review banyak yang kasih nilai bagus. semoga cocok yaa...,,,,
"kotaknya penyok. untung pake bubble wrap yg tebal, barang aman deh",,,,
For the first time mau cobain moisturizer viral ini semoga cocok deh sama bumil iniii hihihi,,,,
"enak bahannya, lebih cocok daripada formula lama, muka gak benyek bgt",,,,
Gentle moist dan isinya banyak. Love the new packagingğŸ«¶ğŸ»,,,,
"Bahannya ringan, lembab dan ukuran cocok untuk dibawa traveling.
thank you seller",,,,
tipe kulitku berminyak masalah kulitku pori besar tipe kulitku sensitif. Aku cocok pake ini hasilnya melembabkan dan Alhamdulillah sejauh ini di kulit aman.,,,,
"Agak kecewa sama pelayanan kali ini. Berhari2 nggak dikirim, setelah kita chat kalau mau batalin biar bisa ganti one day shipping karena udah mepet mau dipake travelling, malah besokannya langsung dikirim pakai pengiriman awal yg regular. Alhasil barangnya malah jadi nggak kepake karena telat sampai.",,,,
No review found,,,,
tipe kulitku berminyak tipe kulitku sensitif masalah kulitku jerawat masalah kulitku pori besar tipe kulitku kombinasi,,,,
Josssss gandosssâ€¦â€¦,,,,
melembapkan. bruntusan ku di dahi hilang pakek ini ğŸ˜­,,,,
Cocok banget,,,,
selalu bagus,,,,
Packaging rapi dan aman. Thank you seller,,,,
Proses dikirimnya lama. Barang so far oke oke sajağŸ‘ğŸ½ packingnya super aman,,,,
Prodak yg dikirim sesuai pesanan.,,,,
nice,,,,
No review found,,,,
KERENNN,,,,
No review found,,,,
"pengiriman sengaja pakai gosend biar cepat, tapi ternyata ga dikirim2 setelah 2 hari, malah disuruh reorder dengan alasan bakal dapet kompensasi, taunya pas reorder sampenya pun malam bgt, kompensasi yg dijanjikan gada, udh beberapa kali beli baru kali ini kecewa",,,,
"cepat meresap, ringan di kulit wajah, cuman buat dryskin krg melembabkan. tapi enak buat prep sblm makeup",,,,
Seller sangat cepat memproses barang. Packing sangat baik dan aman. Reliable sangat ..,,,,
Cocok di kulit normal,,,,
"selangnya sependek apa sih sampe dia ilang kebawah???? wtf annoying bgt pakenya gmn coba. udah aku cari tp gak ada selangnya. pake tube ajalah kalo pake packaging kaya gini bermasalah mulu. sayang bgt padahal formulanya sebagus itu, tapi kalo packagingnya begini sihhh big no deh.",,,,
akhirnya mendarat.pelembab kesayangan,,,,
"mantap pesanan sesuai dan seller responsif, packing aman banget tebal. Bravo seller!",,,,
"Packagingnya bisa diperbaiki ya, untungnya barangnya aman, tapi tadi tinggal selipin aja udah keambil barangnya.  Kalau dari produknya, semoga awet dan cocok ya",,,,
waotery ok,,,,
"Ringan! Diaku yg kulitnya kering malah gak cuco.. tumbuh jerawat bergantian.. tp di adik aku (15th) yg kombinasi malah cucooo aman. ğŸ‘ğŸ‘ Wkt itu cekot pas masi packaging lama. Gak lama mereka ganti packaging, harganya lumayan yahh ğŸ˜† good deal utk aku ğŸ˜†ğŸ‘",,,,
kemasan ok,,,,
"Favorite, gampang kempess emang baunya sih yg ganggu tapi worth it",,,,
"Kaget banget moisturizernya udah berevolusi sesuai skin type. Udah cocok banget sama moisturizer sebelumnya dan ini pertama kali mau coba yang versi ini, semoga hasilnya bagus juga. terima kasih seller",,,,
"mantaaaaab
semoga cocok",,,,
Lagi banyak bekas jerawat semoga cocokkkğŸ«¶,,,,
Luv â¤ï¸â¤ï¸,,,,
"Baju barunya cantik banget, keliatan mewah jadinya ğŸ˜» Kualitas produknya juga gausa diragukan lagi, bagus banget! Semenjak pake moist dari skin game kulitku jadi better, ini repurchase kedua aku dan keknya bakal repurchase terus wkwk. Packagingnya juga aman banget pake bubble wrap + kardus. Thanks seller! ğŸ˜»",,,,
"baru semingguan coba dan ternyata enak banget, bikin kulit muka jadi lumayan moist, kebetulan tipe kulitku kombinasi tapi lagi lumayan kering di sekitar dahi dan pipi jadi skingame ini ngebantu banget buat nenangin kulit yang lagi kerontang banget, efek lainnya belum keliatan tapi bikin jerawat jadi cepet mateng juga ğŸ‘ğŸ»ğŸ‘ğŸ»ğŸ‘ğŸ» recommended krn bahannya ga macem2 jadi cocok buat yang lagi butuh moisturizer dan perbaikin skin barrier ğŸ«¶ğŸ»",,,,
Mari kita coba! Pelayanannya oke ğŸ‘,,,,
"Barang aman, bubble wrap tebal, kualitas terjaga. Semoga reformulasi ini lebih oke daripada formula sebelumnya",,,,
"mnatap, walau agak berbeda dari versi sebelumnya. semoga cocok",,,,
"Safely arrived, semoga cocok",,,,
Ringan dan mudah menyerappğŸ«¶ğŸ»ğŸ‘,,,,
"Skintype : oily, acne prone
Pake ini sesuai ringan,, bagus",,,,
gais aku preloved punyaku klo ada yg mau aku jual murah aja kondisi masih 95% + msih ada box dijual karna ngrsa ga cocok,,,,
"moisturizer brand apapun yg aku coba, pasti bakal balik kesiniğŸ˜­ and she's back with a new packagingğŸ¥° thank you skin game for being my most holy grail moisturizer. I might try the cream one too soonğŸ¤­",,,,
sejauh ini make dari skingame ada sampe sekarang cocok.aku tipe kulit yg sensitif banget ada pie jg pake ini nyaman dipake gk ada efek samping,,,,
"belum dicoba semoga cocok, tp 2 tmn aku uda pake ini dan tipe kulit kita hampir sama. semoga cocok juga!",,,,
"baguss banget packingnyaa, feels secured danaman banget. the product itself is pretty bulky, tapi ga gampang bocorr jd gaperlu khawatirr. aku baru coba bbrp harii, so i couldnt rlly tell u if it works or nott! but overall i rlly like their products!!!ğŸ’ğŸ’",,,,
"Jujur agak panik pas liat dusnya penyok. Tapi ternyata isinya aman. Meskipun pas buka dus kemasan, tutup botol moist nya agak kurang rapet, untung isinya masih aman, gak luber kemana - mana.",,,,
"Jujur agak panik pas liat dusnya penyok. Tapi ternyata isinya aman. Meskipun pas buka dus kemasan, tutup botol moist nya agak kurang rapet, untung isinya masih aman, gak luber kemana - mana. 
Baru sekali pake produk yang ini, oke banget pas dipake ke kulit. Cocok. Suka sama packing barunya.",,,,
Cocok di kulit berminyak Kemasannya lucu ğŸ˜†,,,,
"bahannya ringan, cepet meresap terus packaging nya ok banget",,,,
Terima kasih banyak paket sudah sampai dengan selamat,,,,
Barang bagus sesuai packing mantap terima kasih ğŸ˜ŠğŸ™.,,,,
Gausah ditanya lagi emang sebagus itu lembab dan bisa bantu pulih skin barier sejauh ini moisturizer yg gak akan ganti2 lagi,,,,
Produk sangat bangus! langsung menyerap dan membuat lembab!,,,,
Udah repurchase berkali2. Produk simple dan efektif. Packaging jg simple dan aman,,,,
"Cocok di kulit saya, tekstur ringan dan sangat cepat menyerap di kulit. Super recommended.",,,,
baru pertama kali beli skin game mudah mudahan cocok,,,,
No review found,,,,
"Akhirnyaaa menemukan moisturizer yg cocokkk!! Moistnya ringan, dan cepet menyerap. Aku udah make 2tube. 1tube bisa dipake 2bulan lebih. Tergantung pemakaiannya.",,,,
"baguss, semoga cocok ğŸ’—",,,,
baru mau dicoba semoga cocok,,,,
produk ori dan aman. kakak adminnya juga ramah banget. bakal repurchase lagiii deh kayaknya,,,,
"pengiriman dan pengemasan cepat bgt aman produk sesuai , udh pernah coba dan lumayan bikin jerawat cpt mateng. thankyou",,,,
"Baunya agak aneh, apek dan bau besi seperti dr tempatnya. Saya pernah pakai sabun lain yg tanpa bau, tp ga pernah spt ini. Jd kurang nyaman pakainya dan sampai skrg masih ada",,,,
"Dari dulu, selalu jadi langganan untuk solusi kalau lagi jerawatan. Bulan ini kebetulan lagi breakout dan tidak pikir lama langsung checkout kembali ini holy grail. I love you 3000 kembali serebu. ğŸ¤ğŸ¤ğŸ¤",,,,
"barang sampai dgn selamat, packagingnya jg aman. semoga cocok!",,,,
"warna nya kuning, entah karena apa",,,,
"baru pertama kali coba,
semoga cocok
thank you seller",,,,
barang sampai dgn selamat,,,,
packing rapi dan aman. barang sesuai pesenan,,,,
This moisturizer is seriously a game changer. I love how one bottle could last me months,,,,
baeu nyoba pertama kali. smoga bisa cocok krn reviewnya bagus,,,,
"ringan bgt waktu di apply, cocok buat kulit berminyak, moist parahh",,,,
"Botol keduaaa, aslii butuh 9 bulan untuk habisin botol pertamağŸ˜‚ cocok bgt di kulit oilyy, mudah meresap, dan menurutku mudah meredakan jerawat juga siiğŸ˜°. Packaging aman dan rapiiih bangett. Luuvvv",,,,
"Bagusss, delivery lumayan lama",,,,
No review found,,,,
lagi nyoba nih pertama kali. udah make 3 harian wow aku suka banget teksturnyaa. oilyskin friendly banget luvvvâ™¡â™¡ nanti kalo udah abis aku mau beli yang gede!!!,,,,
"Product bagus, harga promo, dapet cashback..",,,,
"pengemasannya cepat dan aman, baru nyobain moisturizernya dan so far aman. mungkin bakal repurchase lagi nanti, thank you!",,,,
Thanks. mau dicoba dulu produknya ğŸ‘,,,,
No review found,,,,
"pumpnya jelek sekali, pas dipakai malah muncrat2. Uda habis 1 botol tp belum ada perubahan untuk kulit jerawat sedang",,,,
seperti megecil,,,,
"Baunya mild, tekstur gel mudah meresap, exp nya masih 02/26",,,,
Love banget sama pelayanannya ğŸ˜ğŸ˜,,,,
Expired 2026,,,,
"Packaging bagus, beda dari moisturizer kebanyakan. Teksturnya gel kental. Pas dioles ada sensasi dinginnya dan cepat meresap. Cukup 1-2 kali pump bisa untuk pemakaian seluruh wajah. Kayaknya bakalan irit banget ini pemakaiannya. Semoga cocok di kulit wajah aku ya.",,,,
belum dicoba semoga cocok. pengiriman cepat. packing aman. trmaksih,,,,
Repurchase kedua kali â¤ï¸,,,,
moisturizer favorit ğŸ¥°,,,,
ringan dan melembabkan ğŸ‘ bener bener ga salah buat coba,,,,
"First impression : BOTOLNYA CANTIK AMAT WOY PLISSS ğŸ˜­ğŸ˜­
Buat produknya sebenernya ga bisa di ulas sih ya karena baru pakai, tapi moisturizernya cepet meresap dan yaa, gimana moisturizer pada umumnya, melembabkan.",,,,
No review found,,,,
"teksturnya ringan mudah merasap, baru pertama kali coba semoga cocok di kulit aku ğŸ˜‡
packingnya aman bgt dikasih box trus pake bubble wrap ğŸ‘",,,,
"baru mau coba, tipe kulit kering sensitive
semoga cocok",,,,
"Tipe kulitku oily, ini oke banget di kulit, kelembaban nya oke buat seharian dan teksturnya ringan banget, cepat meresap, udah gitu isinya banyak",,,,
No review found,,,,
"Ini tube kedua aku dan aku cocok banget sama produknya. Ringan, enak banget dipakenya dan ngelembabin. Kulit aku tipe oily dan ini cukup dipake malem aja sampe siangnya masih ngelembabin banget",,,,
enak bagus tp sayang mahal,,,,
No review found,,,,
"Cocok2an aja klo produknya. Soal pelayanan, pengiriman, kemasan semua okay â­ï¸â­ï¸â­ï¸â­ï¸â­ï¸",,,,
bahan ringan dan mudah menyerap di kukit,,,,
ukuran lebi kecil tp awet2 ajaaa,,,,
"Aku belum pernah coba, tp suka... pengirimannya cepetttt",,,,
"Botol keduağŸ’• cocok buat di kulit jerawat dan berminyak, ringan cepet meresap. 120ml awet bgt bs 2-3bulanan. Thanks seller",,,,
"Fast delivery dan sesuai barangnya, akan update terkait kecocokannya",,,,
suka bgt sama formula nya yg gampang ngeresap kekulit dan ringan bgt pokoknya luv bgt,,,,
"Produk sesuai deskripsi, proses cepat, n dikemas sangat aman. Top deh! Makasih n sukses selalu ğŸ’¯âœ¨",,,,
"beralih kesini, ringan dan cocok buat kulit yg rada sensitif kyak gw",,,,
Terima kasih..........,,,,
"cocok di kulit berminyak, kerasa melembapkan tapi tidak berat di wajah",,,,
"alhamdulillah paketnya sampe, udah udah kali order kali ini mudah2an cocok. pengiriman cepet 1 hari aja, packing aman. makasih seller sukses ğŸ˜Šâœ¨ï¸ğŸ‘",,,,
"Buat jerawat mendem aku balik lagi ke skin game setelah coba berbagai obat totol jerawat, karna yang ampuh di wajahku so far cuma skin game.",,,,
"first timer bgt coba moist ini, semoga cocok di kulit aku yg tipe kombi + dryğŸ˜Œ",,,,
Pelayanan puas barang tidak rusak. Gak tanya tapi langsung sampai dengan baik,,,,
"gampang nyerep bagus buat pake sbelum makeup, cuman kurang lembab untukku",,,,
"Enak banget teksturnya dan botol bentuk pump, higienis saat pemakaian",,,,
"Trying it for the first time, belum bisa review produknya but here to review the service. 

Paket yang datang salah produk, tapi alhamdulillah Skin Game mau tanggung jawab dengan kirim produk yang benar. 

They handle the complaint well, really appreciate the excellent service. Thank you so much!

Hopefully it will works well on me",,,,
kurang moist,,,,
Semoga cocok,,,,
"Pengemasan dan pengiriman OK. Sudah pemakaian botol kedua, sejauh ini ampuh untuk merawat jerawat.",,,,
"huaa sayang bgt di aku ngga cocok, jadi tambah bnyk milia gt :(, padahal udah berharap gede bgt terus mana isinya gede.. btw kulit aku oily dan gampang jerawatan, terus juga jadi tambah berminyak hydrathing nya kuraaang bgt",,,,
dari segi packing mohon diperhatikan lagi.. walaupun dus satuan nya masuk ke dus besar tapi kondisinya penyok.. kurang aman.. sebaiknya ditambahkan bubble wrap lagi.. kondisi barang masih aman,,,,
mantap,,,,
bagusssss... suka banget....,,,,
"Moisturizer yang to the point sebagai moisturizer. Super ringan, mungkin buat kulit tipe lain bakal kurang ngunci lembab, tapi di gw yang rewel kalau moisturizer berasa dikit aja, ini pas. Plus itu botol sampe bosen ga abis"", very good value. Salah satu produk aman untuk gw hehe",,,,
Kualitas cukup baik untuk melembapkan,,,,
Pengiriman sesuai dan cepat,,,,
"barang ori, pengiriman lamaaa walau di info",,,,
"isinya banyak bangett, bahannya gampang menyerap, sangat worth to buy",,,,
"sudah coba yg ukuran kecil, tryta cocok . jd lanjut k ukuran besar",,,,
Baru pertama x nyoba.. semoga cocok,,,,
"bagus, cocok di kulit, lembab tahan lama sampai 12 jam untuk kulit normal. worth the price untuk ukurannya",,,,
No review found,,,,
No review found,,,,
benerÂ² calming jerawat sesuai klaim. abis dipake juga gak bikin wajah kering dan berasa ketarik. ada efek brighteningnya juga,,,,
"Keren, cepat pengantarannya, exp masih lama",,,,
"Sejauh ini cocok sih di kulit aku. Ngga lengket, nyaman dipakai. Lebih tenang juga karena aku cek udah tersertifikasi Halal MUI. Tks all",,,,
"datang dalam keadaan rembes, cairan berkurang 10ml, diperkuat sealernya ya",,,,
No review found,,,,
"Barang Sesuai Deskripsi, pengiriman di hari yg sama dengan berlanganan TokPed Plus.",,,,
"satu2 nya moisturizer yg ga terlalu cair, cocok di kulit muka, isinya byk, awet tmbh disayang paksu, tq ya ğŸ¥°",,,,
saya merasa hanya menghidrasi beberapa jam saja,,,,
"Udah pembelian ke dua. Suka sama texturenya. Mungkin saran aja dikembangkan dari segi botolnya apa lagi yang model pompa, sayang banget karena nggak bisa habis maksimal. Jadi kalau hampir2 habis harus manual ngambilnya, buma2 pompnya segala",,,,
"kemasannya gede, kelembapan utk yg kulitnya kering perlu pakainya agak.banyak, teksturnya agak lengket d banding punyanya somethinc..",,,,
Goks!,,,,
"Uda botol keempat. 
Sebagus ituu skingame",,,,
"ringan banget, cepat meresap, cukup menahan minyak dan melembabkan",,,,
"Bahannya tidak lengket dan ringan, cocok dikulit kombinasi.. makasih",,,,
"baru dipake 2 malam, sementara blom ada hasil yg signifikan",,,,
"setelah pakai beberapa ***** ***** lumayan terhidrasi. sesuai dengan yang ku bayangkan. ***** ku berminyak, tapi hasilnya ga berminyak banget.
seperti nya penggunaan serum bisa lebih cepat bekerja dengan tambahan moisturizer ini. awal2 pake ada muncul jerawat, mungkin belum terbiasa jadi muncul. tapi nggak parah. purging aja. PO nya cepet kok, nggak pake lama. kirain bakal sampe 40 ***** dapet Snack hihihi... next time kalau order lagi *** yg rasa matcha ya min ğŸ™ˆğŸ™ˆğŸ™ˆ",,,,
"sampai dengan baikkk, enak dipakai lgsg meresap dan juga ringan betulll. dapet Freebies jugak lagiiii",,,,
"kalo ga dichat, pesanan engga di konfirm, kalo engga di chat, barang pasti ga dianter2, paket tiba diluar estimasi sampai dng kurir next day, padahal lgi butuh cepat",,,,
"Ini pertama kali nyoba product skin game, enak bgt di kulit gampang menyerap, keren bgt skin game!",,,,
"Akhirnya datenggg 
lucu banget dikasi bonus snack ğŸ¥°ğŸ¥° Thank you skingame semoga cocok sama moisturizer nyağŸ˜˜",,,,
"udah pembelian yang kesekian kali...recommended banget buat yang cari pelembab ringan untuk kulit normal berminyak ya. Sediannya gel yang ringan gak menyumbat pori. bahannya ada ceramide buat anti aging yang umur udah 25 up. 
pre order 30 hari tapi sebelum 2 minggu udah dikirim, dikasih hadiah lagi, wah thank you banget ya.",,,,
"awww thank u for the freebie Mingem!! and as you said, kulitku berjodoh sama Kind Moisturizer ğŸ’—",,,,
"kena racun di twitter sama temenku yg pakeğŸ˜­ karena tulisannya po 30 hari aku ga ngecek lagi eh tbtb udah sampee seneng bangeeet! terima kasih juga bonusnya mingem!! tekstur moistnya enak, ringaan bangeetğŸ˜­ğŸ˜­ğŸ˜­ mana botolnya segede 2 pc wkwkwk. love banget pokoknyağŸ¤©",,,,
Terima kasih buat snacknya,,,,
Terima kasih banyak paket sudah sampai dengan selamat ğŸ™,,,,
"ini aku baru mau nyoba semoga cocok di kulit aku ya min...
dan kaget banget barangnya udah sampe dengan selamat dan cepet. harusnya tiba akhir bulan ini,tapi ternyata lebih cepet datengnya. Dan juga dikasih gift dong. 
miminnya baik hati sekalih 
terimakasih minğŸ¥°ğŸ¥°ğŸ¥°ğŸ¥°.",,,,
"produk ok, pemakaian 3 hari - 1 minggu berasa banget bedanya, spot2 bekas jerawat memudar, berasa lebih kinclong",,,,
"produk ok, pemakaian 3 hari - 1 minggu berasa banget bedanya, spot2 bekas jerawat memudar, berasa lebih kinclong",,,,
No review found,,,,
"tekstur gel, isi banyak jadi awet, ringan tapi tetep melembabkan, cocok buat all skin type tapi oily skin pasti suka ğŸ‘ğŸ»",,,,
"dikasih rekomendasi dr sodara buat nyoba obat jerawat yg ini. seller fast respond, barang jg sampai dg selamat. recommended!!!",,,,
baru mau coba.. semoga cocok dan hasilnya sesuai yang diharapkan..,,,,
yeay akhirnya repurchase ToE..makasii udah dikasih bonus jajan,,,,
sampai tepat waktu. semoga cocok di saya. trims,,,,
"Respon penjual cepat, packaging bagus dan aman dgn bubble wrap tebal.. 
jadi yakin barang aman ga kena guncang.. barang bagus dan bersih mulus.. 
walaupun selalu ikiut PO tapi selalu lebih cepat dari perkiraan PO.. puas banget pake moisturier ini.. makasih!",,,,
"Baru mau coba, pembelanjaan bundle lbh hemat, seller ramah, paket diterima dg baik. Semoga cocokğŸ™",,,,
Pake ini jerawat langsung kempes ğŸ‘ğŸ½ğŸ‘ğŸ½,,,,
baru coba. mdh2an bagus,,,,
"Packing aman sih, karena ditambahin kardus oleh penjualnya.",,,,
Pump nya macet,,,,
No review found,,,,
"Teksturnya gel cepet menyerap kulit, klo buat kulit berminyak cocok bgt. Mungkin klo yg kering kurang nampol, atau hrs pakai 2 layer. So far oke gak bikin reaksi negatif. Produknya gk neko2, ya buat melembabkan tok. 120ml bs buat 3 bulanan sih nih, hemat sekaleee. Thanks sellerâ¤",,,,
"INI PALING FAVORIT DEH.. 
tipe kulitku ini sensitive, berminyak dan acne prone. setelah pemakaian seminggu, kulit muka rasanya jadi lebih alus dan gak bikin minyakan banget. best buy!",,,,
favorit deh,,,,
Baru pertamakali nyoba,,,,
"cepet bngeett dikirimnya.. karena PO kupikir bakal lama. thank you enak banget moisturizer ini rasanya seperti di basuh air,,, sejuk dan tetap lembab",,,,
"buat kulit sensitif, cocok! kualitas oke, jerawat ga membekas",,,,
"cocok buat kulit sensitif. pakai rutin 3x saat ada jerawat, kempes dan ga berbekas",,,,
Pembelian ketiga kind moizturizer. Cocok di kulit saya. Udh keliatan tambah cerah,,,,
beli pas lagi sepromo promo nya. makasih ğŸ«¶ğŸ™ğŸ™,,,,
Barang sesuai pesanan dan pengiriman tergolong cepat,,,,
First time nyobain ini krn banyak review orang2 yg bagus. Semoga cocokk â¤,,,,
"Menyerapnya cepat, kulitku juga jadi lembab dan lembabnya bukan yg gerah di kulit. aku suka sih",,,,
No review found,,,,
produk & packingnya rapi dan bagus cuma ternyata ga cocok di kulit aku,,,,
"Pack ya bagus, dan tekstur pelelehan nya aku bngtt, tapi pengiriman nya lama bngtt",,,,
"udah 2 kali order disini, pengemasan dan pengiriman cepet. masya Allah udah pake 2 minggu, suka sama hasilnya. bikin lembab muka, teksturnya cair tp ga terlalu. obat totol jerawatnya juga ga perih. semoga makin baik my acne skin. makasih seller :)",,,,
Aku cocok bgt pake ini. plus pengirimannya cepat bgt! thank u skin game team ğŸ¥°,,,,
"i loveeee this moisturizer. kulit muka aku jadi lebih sehat huhu. ini udah kedua kalinya beli, aweeeet banget. worth to buy dengan harga yang segitu, karena habisnya juga berbulan-bulan. terus karena moist ini kandungannya ga macem-macem, jadi bisa dipakaiin sama serum/toner apa aja.",,,,
"suka, moisturizernya ga macem-macem, cuma ngelembabin aja, dan emang cocok di aku. Rasanya ringan di kulit, tapi kelembabannya kaya bisa di tambah gitu, dan ga bikin berminyak juga, suka :D",,,,
Udah pengen nyoba dari lama tapi baru beli sekarang karena alhamdulillah udah halal! 1 pump aja udah bisa bikin muka lembab & plumpy banget,,,,
"selama ini nggak pernah pake sabun muka karena selalu kering, coba ini cocok,
mungkin akan coba produk lainnya ğŸ˜‚",,,,
"packing rapih dan aman, pembelian pertama produk ini, semoga cocok dengan kulit saya yang kombinasi 
terimakasih kak",,,,
"dapet pas lagi promo jadinya murah bgt buat isi yg segitu banyak. Baru mau coba sih, semoga cocok di akuğŸ˜†",,,,
"akhirnya ketemu moisturizer yg finishnya aman alias gk bikin berminyak, dan bisa moist dengan baik. kulit gw yg selalu gk cocok pakai apapun dan selalu muncul masalah jerawat kalo pakai produk, akhirnya nemu ini dan semoga kedepannya aman. sangat recommended.",,,,
"first buy, cukup melembapkan, perlu waktu buat menyerap mungkin karena tekstur gelnya kali ya. mayang gede karena 120 ml. semoga bagus untuk acne prone oily skin aku ya

agak nyebelin dipengirimannya cuz lamaaa pake bangetğŸ™‚",,,,
"biasa aja, gakbada efek sm skali, masih bagus pore armor tpi udh gak diproduksi :(",,,,
udah dicoba dan lumayan lgsg keliatan si hasilnya ga pke lama. pengirimannya juga cepet bangettt,,,,
"Safety dalam segi pengemasan , dalam segi pengiriman juga cepat , bismillah semoga cocok klo cocok nanti mau repeat order lagiğŸ™ŒğŸ»",,,,
selama ini pakai skingame mantep banget dan ringan buat kulit berjerawat aku. sudah lebih baik. pasti repurchase lagi,,,,
"ganti moist, semoga cocok sama skingame ğŸ¥ºğŸ¥ºğŸ¥º",,,,
"Pembelian entah tube keberapa.. udah paling fav setelah gonta ganti  nyoba yang cocok,sampe brenti nyari lagi setelah ketemu ini.. thanks alot!!",,,,
Beli di Official store barang terjamin keasliannya dan dapat cashback lumayan.,,,,
Beli di Official store barang terjamin keasliannya dan dapat cashback lumayan.,,,,
"fix bakal repurchase! kandungannya ga macem macem, dpt bonus sunscreen yg 20gr jugaaa!! makasi yaaağŸ’—âœ¨",,,,
"udah dipake dan melembabkan kulit, tapi pengirimannya cukup lama ya",,,,
"Repeat order kesekian kalinya, terima kasih banyak ğŸ™",,,,
sukaa,,,,
tekstur gel & kental tapi mudah sekali diaplikasikan ke wajah. tidak lengket sama sekali bahkan gampang menyerap. wajah terasa lembab setelah pemakaian. dengan isi yang banyak & harga cukup affordable. semoga cocok,,,,
"suka banget sama productnya. ga neko neko dan langsung mulai kerasa sama hasilnya. but, you really have to step up on packaging and marketing wise. suka sama ide packagingnya tapi eksekusi masih harus banget ditingkatin lagi. semangat ya skin game â™¥ï¸",,,,
"value for price sangat oke, ukuran besar, isi banyak, harga terjangkau. tekstur seperti gel, mudah diratakan.

pengiriman dan packing oke.",,,,
semoga cocok,,,,
No review found,,,,
"barang sesuai, semoga cocok untuk obati jerawat..",,,,
"bahannya mirip foam, cukup cocok untuk kulit saya yg oily, sdikit whitecast tp cukup gampang diratain

minusnya: aluminum buat penutupnya susah banget buat dibuka, tolong diperbaiki itu krn repot sekali dqn susah kl mau  buka",,,,
"pengiriman bagus, baru pertama kali coba dan kaget krim nya sangat kental-padat dan warnanya pink",,,,
"Alhamdulillah paket smp dgn aman & selamat. Pertama x co, dpt harga fs. Uk besar. ED msh lama. Smg cocok di wajahku. Trims seller, kurir & Tokped",,,,
"pembelian ke-2, sebelumnya beli yang kecil karena takut gak cocok. Turns out bagus banget buat mukaku ğŸ¥¹ Cocok buat jerawat yang ada mata-nya, begitu pake pas malam besoknya udah kering dan gak bengkak lagi. tapi untuk jerawat mendem yang gaada mata-nya kurang ngaruh sih, gak ngilangin bekas jerawat juga. so far ini obat totol terbaik dari sekian banyaknya obat yang udah kucoba ğŸ«¶ğŸ» 
barang aman, expire juga masih lama. thank you seller & kurir âœ¨",,,,
SANGAAAT MENYEMBUKAN JERAWAT,,,,
"alhamdulillah paketnya sampe, pertama kali order pengemasan baik pengiriman cepet bahkan lebih cepet dari P.O nya. oh ya dapet lil gift sunscreenya juga. semoga cocok. thank u ğŸ˜Šâœ¨ï¸",,,,
walaupun harus PO tapi sampenya lebih cepet dari perkiraan. dikasih bonus juga. makasih mingem âœ¨âœ¨,,,,
"Mantap pengiriman cepet bat. Admin responsif.
Saya coba di tangan cepet nyerep dan kulit jadi lembap.
Semoga cocok buat kulit saya yang sedang breakoutğŸ¤Ÿ",,,,
"bahan dan teksturnya pas, bikin kulit lembab seharian. sudah habis 2 botol, ini yg ketiga..ğŸ¥° dapet sample sunscreen pula jadi g sabar buat coba..ğŸ‘ğŸ¥°  semoga ke depannya lbh ditingkatkan lagi produksinya jadi g perlu pre order..ğŸ‘ğŸ‘",,,,
"cepat meresap, formulanya ringan seperti yg ada di claim produknya, tidak lemgket juga, serta mudah di baurkan, tidak meninggalkan white cast di kulit.",,,,
"Sangat ampuh buat menghilangkan jerawat dan kemerahan di kulit
Sdh repurchase ke sekian kali
Thank u skin game ğŸ˜˜
Really love this product",,,,
"baru coba smoga cocok ,hrga murah pgiriman cpt box aman dksih dakron seller baik",,,,
sampai ditangan dengan baik,,,,
"breakout gw diatasin pake ini mantap , cuma gabisa ngilangin bekas inj",,,,
gampang meresap ke kulit,,,,
Terima kasih banyak paket sudah sampai dengan selamat ğŸ™,,,,
"Pembelian kedua, sukaa",,,,
Barang diterima dengan baik,,,,
"barang yang aku beli teksturnya kayak gak rata gitu, ada ""grenjel-grenjel-nya"" jadi agak susah nakar konsisten dengan volume yang sama di dua jari. teksturnya juga lebih padat dan susah di blendnya, tapi once udah set suka sama glow up effectnya. minusnya lagi kalau udah kena air dia kayak ada residunya gitu di deket mata. rada bingung apakah produknya emang gini, atau aku terima produk yang kualitasnya kurang oke.",,,,
"menurutku ini lumayan ngebantu ya tipe kulitku oily skin, cuma kalo diaku pasti paginya totolannya udah ada yang ilang dan di liat dari foto ini yang baru dan ori disegel ya mentemen",,,,
"Alhamdulillah cocok, terima kasih banyak",,,,
"Sudah pemakaian kedua kali, Alhamdulillah cocok banget setelah gontai ganti merk",,,,
gemec banget packaging nya,,,,
No review found,,,,
2nd buy.,,,,
"teksturnya krim padet gitu, cukup ampuh obat totol jerawatnyağŸ‘ğŸ‘ kalo mulai beruntusan awal2 mau jerawatan langsung dipakein ini dan cepet kempesnyaâœ¨ï¸ tapi kalo emang jerawatnya udah ""jadi"" perlu reapply biar kempesnya cepet. suka bangetğŸ’¯",,,,
krim nya seperti sudah dipakai,,,,
"Kirain dapet botolnya juga, tau ya semprotannya doang. Salah saya sendiri ternyata. Hehehehe. Berarti nanti tinggal beli toner nya biar semprotannya bisa dipake ...",,,,
baru sampe!! semoga cocokğŸ¥ºğŸ«¶ğŸ»,,,,
"pertama coba, semoga cuco âœ¨",,,,
Gak cocok tp bukan salah brand nya,,,,
"Alhamdulillah cocok.... obat totol jerawat yg lumayan ampuh dan terjangkau, isinya jg banyak jd kayaknya bakalan awet",,,,
"IDK WHY TAPI PAS DIBUKA AKU NGAKAK ğŸ˜­
It's not because the brand, tapi karena cara mereka nge-packing item-nya, they use dakron jadi kesannya kayak mengambang diatas awan and that's cute yet hilarious ğŸ˜­ğŸ’›
Barang sampai dengan selamat, expire masih lama, tekstur agak padat, dan aku baru baca belakangnya hanya digunakan saat malam, apa berarti gaboleh dipake pas pagi ya (?) Semoga cocok di aku karena review temen bagus banget katanya
Overall bagus, thank you seller & kurir ğŸ’›âœ¨",,,,
"packaging ok, moisturizer nya sendiri ga yang aneh aneh sih. cuman ya di kulitku yang kering jujur kurang melembabkan.",,,,
Terima kasih banyak paket sudah sampai dengan selamat dan sesuai deskripsi ğŸ™,,,,
masih jadi moisturizer andalan,,,,
terbaikkk busetttt! jerawat hempass. udah brp kali belii dan efeknya dahsyatt.,,,,
"Barang bagus sesuai deskripsi diterima dengan baik, packing aman dan pengiriman cepat sampai",,,,
"Barang bagus sesuai deskripsi diterima dengan baik, packing aman dan pengiriman cepat sampai",,,,
gatau lagi botol keberapa yg penting cucok bgt pake ini... yang full size dipake berdua sm ibu bisa sampe 3 bulan uwow khaaaannnn,,,,
"a super bargain for the price, very versatile moisturizer, no frills, just a solid moisturizer.",,,,
"pengiriman standar, isinya sedikit keluar but its okay. semoga cocok",,,,
tq,,,,
"paling ga bisa hidup tanpa moisturizer iniğŸ˜­ğŸ˜­ isi banyak jadi terhitung murah dan lama pakenya. lembabnya cukup banget di kulitku yg kombinasi. cocok buat jadi penutup dari actives yg aku pakeğŸ˜Œ sudah pake dari awal launching dan walopun coba merk lain, mesti balik lagi sama iniğŸ˜­ğŸ‘ udah ga tau brp botol yg kuhabiskan, mungkin udah lebih 5 yak. thank you skin game for making this amazing moisturizerâœ¨ï¸",,,,
"effective banget, jerawat super gede dalam 2 hari lgsg kempes dikasih ini. recommendedğŸ‘ğŸ»",,,,
"Cocok di kulit, melembabkan tapi ga bikin berminyak. Packaging aman banget pake kardus padahal cuma beli 1",,,,
"bagus sih, tapi kalau udh mau habis keluarin dari botolnya susah soalnya botol besi wkwkwk",,,,
bikin kulit jadi kenyal,,,,
bikin kulit ga kering tapi warnanya ga lebay,,,,
Dapat harga murah sesuai pesanan juga makasih kak,,,,
"Teksturnya gel jadi gampang menyerap, nggak sticky, cukup melembabkan, dan harganya juga terjangkau kalau dibandingkan moisturizer merk lain",,,,
"tq ya skin game, blum dcoba, smoga cocok",,,,
"pengiriman cepat, produknya oke, melembabkan bgt",,,,
"Kemasan premium, murah, seller responsif. Texture awal lengket tp setelah dipakai tdk terasa lengket lg. Cepat menyerap.",,,,
"Dikemas dengan seksama, dan tiba dalam waktu yang sesingkat-singkatnya. Exp date msh panjang. Sudah cocok dg pelembab ini, nyaman di kulit kombinasiku. Terima kasih.",,,,
"cair, ada terasa ada oilnya, tapi ga ganggu koq, wangi oilnya dan bahan kimia. melembabkan.",,,,
packaging aman.,,,,
"teksturnya cair banget, ga lengket, tapi emang melembabkan bgt. ukurannya besar, untuk harga segitu worth it banget.",,,,
"cocok , mantap bner dikulit oily Acne prone ,dan ingredient gk neko neko",,,,
"so far skingame emang obat totol paling bagus yang pernah ku pakai, tp ini kenapa gedenya beda dr yang lama ya? padahal isinya sama 30gr?",,,,
"Moisturizer kecintaan akuhhhhğŸ¥°ğŸ¥°
Udah abis sebotol yg kecil, karena seenak itu jadi beli yg gede. Tekturnya ringan, tapi melembabkannya tetep mantul. SukaaağŸ–¤",,,,
barang nyampe dengan aman dan sesuai deskripsi,,,,
Obat jerawat paling ampuh buat ku,,,,
"Barang sesuai, suka banget, TOP!",,,,
Mantap,,,,
"Pesanan sesuai, packing aman, thank you seller",,,,
pemakaian seminggu. skin barrier jadi kokoh banget ğŸ‘Œ,,,,
Ampuh bangett buat beruntusan dan jerawat sekali pake langsung keliataan,,,,
"Bagus, sayang kalo isinya sudah sedikit susah banget pumpingnya",,,,
"udah beli yang ke2x, obat jerawat terampuh yang pernah aku beli, paling ampuh kalo dipakai malam hari sebelum tidur, dah dijamin kempes,jerawat gak balik lg, n gak ada bekas jerawat, (pokokx jangan di pencet aja jerawatnya Neng, luka, item deh)

btw, expired masih lama, kalau di toko lain expiredx deket banget di tahun ini, official emang besst, harganya bikin nangish dompet",,,,
"teksturnya enak, dan tidak berat, mudah nyerap, kemasan bagus dan tidak ada kerusakan",,,,
Design kemasannya âœ¨ semoga isinya juga bagus,,,,
"tekstur ringan watery gel gitu, so far cocok di kulit karena komedo ngga keluar dan ngga bikin muka berminyak. tapi kalo dipakein bb cream jadi ngelupas ğŸ¥²",,,,
Bagus packing rapih aman,,,,
No review found,,,,
"Ya mending beli yg gede sekalian sih saran saya, ini ga worth it bgt 75rb trs isinya banyakan udara nyağŸ˜¢ saya beli yg kecil krna niat nya nyoba dlu takut ga cocok, smoga cocok, kalo cocok bru ntr saya beli yg gedeğŸ‘ğŸ»",,,,
"udah repurchase, cocok di aku. moisturizernya cocok dipake siang untuk kulit berminyak dan berjerawat. karena ringan banget.",,,,
pengiriman cepat,,,,
Mantul surantul ğŸ‘,,,,
best hydrating toner! udah repurchase berkali2 luv bgtt,,,,
semoga efeknya sesuai dengan hypenya !! thanjs,,,,
Pengiriman dari si cepatnya lama banget euy,,,,
sudah sampai terimakasih. suka bgt sama packaging serum yang baruğŸ˜ƒ,,,,
"Totol jerawat, semoga efektif mengobati jerawatnya, packing aman dan pengiriman cepat sampai",,,,
"Mantep sih, ada harga ada kualitas. Melembabkan dan ngasih warna pink natural di bibir, padahal bibir saya cenderung hitam. Kadang kalo malam saya apply lip oil ini + lip mask merk lain biar lembabnya lebih long last. pagi2 bangun dengan bibir lembab. syenaaang~",,,,
"Cocok sama kulit anak yang masi ABG. On time delivery, packing nya ga perlu diragukan lagi, rapi n aman.",,,,
sampai saat ini baru skin game satu-satunya moisturizer yang cocok di kulit muka akuğŸ¤,,,,
"udah langganan beli disini, botol kedua setelah sebelumnya cobain yg kecil. terbukti ampuh melembabkan dan enaak di muka akuu! lovvvğŸ’•âœ¨ğŸ¥¹",,,,
"baru pertama kali coba moisturizer skingame padahal sebelumnya udah pernah rekomen temen yg brentusan abis pake moisturizer viral skin****c dan ampuh..kebalik yaa rekomen temen dulu baru coba buat sendiri haha
semoga cocok ğŸ¤­",,,,
No review found,,,,
Produk sudah diterima.,,,,
Produk sudah diterima.,,,,
"Udah sering pake ini, isinya banyak dan bahannya ga neko2 fkus melembabkan",,,,
Tekstur Ringan! Pengiriman Cepat,,,,
"respon toko nya cepet dan ramah. belum dicoba, mudah mudahan cocok",,,,
Sdh langganan sll beli disiniğŸ‘ğŸ»,,,,
"packaging aman, barang ori, pengiriman agak lama, semoga cocok",,,,
No review found,,,,
"semoga cocok di aku, tapi saran buat lem dibagian tutup sama body nya kalo bisa jangan pake solasiban soalnya susah bukanya:(",,,,
"moisturizer favorittt, setelah coba2 yg lain tetep aja beli ini lagi ujung2nyağŸ™ƒ ringan bgtt cocok buat oily skin yg kalo pake cream gt pasti ngerasa berat bgt.. ini tuh gelnya gampang bgt melt gituu pas kena kulit",,,,
"penguruman cepat, packing aman, bikin lembab tapi cepat meresap suka bangeettğŸ˜",,,,
"botol ke sekian, cocok bgt",,,,
untuk travel pas bgt sih,,,,
ngirimnya cepet. produknya aman. rekomen,,,,
Murah meriah muaaahhh,,,,
ok buat totol jerawat nya mantab,,,,
Yeayy!!! Udah liat review2 katanya bagus jadi coba beli makasihh skingame packingnya bagus dan ini gemess!!,,,,
Aman sih sampe sekarang. Ganti packaging. Dulu tempatnya mirip dengan kind moisturizer dan ditempel stiker. Sekarang plastik tebel. Lumayan suka dengan ini. Packing aman sesuai request dan servis cepat. Makasi skingame,,,,
Ga pelit dikasinya. Skincare aman sampe tujuan,,,,
"Udah repurchase ketiga kalinya, dan jadi sunscreen favorit untuk saat ini. Packing juga sesuai request, rapi dan proses cepat. Makasi skingame ğŸ‘ŒğŸ¼",,,,
"lumayan cocok, harganya jg murah",,,,
good,,,,
"suka sama kemasan nya, teksturnya kentel banget tapi pas dioles ke wajah langsung mencair gt trus nyeess tapi sayang dikulit aku kyanya kurang cocok huhu .. 
dikasih bonus jga .. terimakasih",,,,
Mantapsssss!,,,,
bagus banget!,,,,
"Teksturnya ringan cepat meresap ke kulit pokoknya enak dikulit worth it banget WTB pokoknya ğŸ‘ 
Thanks Skin Game ğŸ¤",,,,
Iâ€™m so sad because this product didnâ€™t works on my acne prone skin ğŸ’”,,,,
No review found,,,,
mantab packaging nya barang sampaidenga  selamat dan utuh,,,,
"Awalnya iseng nyoba karena setelah research, price range skin game moisturizer ini murce dibanding yang lain. Turns out, bagussss bangett?! This product deserves more recognitionnnn. Packaging nya bentuk pump jadi enak higienis, praktis, ga takut kegencet juga kalau mau dibawa. Teksturnya cepet menyerap tapi ga ketebalan kalau mau dipakai siang-siang. Definetely will repurchase sihğŸ©·",,,,
"dulu pake masih kemasan lama (jar) dan emang baguss muka membaikk setahun eh gaperna maskeran lagi balik lagi breakout wkwk, jadi sekarang balik pake lagii 2 combo ini ğŸ˜ğŸ’—",,,,
"krimnya padat, membantu mengempeskan jerawat tapi ga besoknya langsung kempes. butuh 2-3 hari",,,,
"Dikemas dengan seksama, dan tiba dalam waktu yang sesingkat-singkatnya. Good product. Sdh beberapa kali repeat order produk ini. Nyaman di kulit, melembabkan, tdk bikin gerah. Aman di kulit kombinasi, tdk menyumbat pori-pori. Terima kasih seller.",,,,
paketnya safely arrived!! moisturizer nya ringan banget dipake. semoga cocok di aku. adminnya responsif dan sangat membantu. terima kasih1!1!,,,,
smoga cocok di kulit akyu ğŸ˜š tq ya,,,,
"muka lg kering parah sampe beruntus dan ada luka, coba ini baru 2x pemakaian langsung lembab, luka merah2 juga jg cepet nutup kulitnya, wajah jdi cerah jg, bener2 kaget ngefek bagusnya bisa cepet, tp suami coba, jenis kulit kebalikan, dia berminyak dan gampang jerawat, dia kurang cocok pake ini, kaya mulai muncul jerawat",,,,
"best purchase ever!! worth every dime, inii bener2 bantu jerawat cyst yg lg radang",,,,
"enak dimuka moisturizernya, rasanya ga terlalu lengket dimuka",,,,
semoga cocok,,,,
"Alhamdulillah anakku cocok pake rangkaian produk skin game, untuk kulit jerawat. 
And seller jg active response pertanyaan",,,,
"Alhamdulillah anakku cocok pake rangkaian produk skin game, untuk kulit jerawat. 
And seller jg active response pertanyaan",,,,
"Alhamdulillah anakku cocok pake rangkaian produk skin game, untuk kulit jerawat. 
And seller jg active response pertanyaan",,,,
"Melembabkan tanpa buat kulit berminyak, menyerap cepat dan sangat nyaman dikulit ğŸ¤",,,,
"Pengirimannya cepat dan ga sabar makenya, soalnya banyak liat rekomendasi di twitter...",,,,
Seller fast respond & pengiriman cepat sehari sampai aman pakai bubble wrap juga box. Dapat harga diskon flash sale jadi murmer & expired date masih 2025. Sudah pembelian yg kesekian kali krn cocok pakai moisturizer ini ga lengket cepat menyerap dan lembab. Recommended seller.,,,,
"packagingnya parah sih, yg pink hero ngelupas gitu jd keliatan tube dalemnya. tapi yg paling ganggu pas buka aluminium kedua cream nya, susah dilepas jadi masih ada sisa plastik dan nggak bisa kebuka sempurna, alhasil cream nya keluar dari sela2 plastiknya :( semoga bisa lebih baik lagi untuk experince usingnya karena produknya cukup ngaruh di kulit aku",,,,
"kemasannya praktis. moisterizer nya jg cepet bgt nyerepnya, exp nya jg masih lama. makasi â˜ºï¸",,,,
pembelian yang kedua kalinya. memuaskan. hasilnya ajaib dan kalau abis bakal beli lagi di sini,,,,
barang original dan tidak ada cacat sama sekaliğŸ˜„,,,,
"kualitas produk baik,
untuk kulit sensitif recomendasi,

jika pakai Cetaphil GK suka karena GK busa,bisa pakai ini less busa,
GK kering,

untuk kulit minyak sangat di rekomendasikan untuk pakai cleansing milk/cleansing oil dahulu
untuk bersih maksimal,

kalau saya sudah 2x cuci muka pakai ini,",,,,
Walaupun barangnya kecil tapi dipacking pake box supaya aman. Udah dicobain pake semalem dan jerawat emang lumayan jadi kering cuma utk bekas belum tau apakah ga berbekas atau meninggalkan bekas.,,,,
"mantab, light banget ini, cocok buat yg ga seneng keliatan pake skincare tp sbnrnya ttp sehat mukanya",,,,
Baru coba semingguan. Belum terlalu terlihat hasilnya. Mudah2an oke yaaa,,,,
paking aman mantap dah,,,,
sudah laamaaa pakai facial wash ini. tambah maju ya skin game! toopppp,,,,
"Acne barrier-nya bagus, bekerja dengan cepat meredakan jerawat. Moisturizernya juga bagus. Tekstur ringan tidak lengket dikulit",,,,
"barang dtg lumayan cepet, packaging bagus memakai kardus. baru pertama kali nyoba sih... enak d muka mudah d blend, tidak ada bau.
semoga cocok ya min.",,,,
"sudah pembelian kedua, selalu pakau setiap hari dan sebelum makeup jadi bagus ngeset.",,,,
"pengiriman cepat, barangnya aman, tapi belum dicoba, mudah""an memberikan manfaat yg efektif",,,,
"Produk hebat, ga bikin iritasi & baru 1 minggu pemakaian udah keliatan hasilnya",,,,
"Produk mantap, ga bikin iritasi & minyakan, overall bagus, cuma mahal dikit",,,,
"Repurchase, udah nyaman banget pakai moisturizer skingame, masih belum mau ganti. Kekurangannya, kalau isinya udh mau habis, susah buat dikeluarin, kayanya selang pumpnya kurang panjang. Semoga dibenerin kemasannya soon oleh tim skinhame",,,,
Cocok untuk kulit berjerawat sbg skin barrier agar jerawat tidak nambah,,,,
"akhirnyaaaa nemuin moisturizer super nyaman dan cocokkk. ini bentuknya gel, ngga greasy, gampang menyerap, ngga bau apapun, ngga lengket setelahnya. suka bgt! botolnya jg cakep & aman bgt krn pake pump. dan isinya banyak, harganya ok.",,,,
"pake yg kecil cocok, tp pas coba yg ini ga cocok. jerawat ga ilang, malah mendem jadi benjolan gosong tp ga ilang2 lama banget. keluar enggak ilang jg enggak. trus nimbulin jerawat ditempat lain dikulit yg mulus2 aja. sebel bgt",,,,
Tutup pumpnya gak bisa berfungsi. Tp ok gentle bgt washnya,,,,
Thick enough packing bagus dan aman. Mudah pengaplikasiannya,,,,
Pertama kali coba packaging baru semoga tidak banyak problem,,,,
pembelian ke 2.. cocok banget ternyata di kulit saya.. aaah senangnya. thank you skin game,,,,
akhirnya nemu sunscreen yang ngga bikin muka kusam dan pillingğŸ¥¹,,,,
"Baik bangett aku beli lagi, dikasi bonus masker rambut yg wangi bgt, dan bikin rambut super halus anti lepek.",,,,
"fw enak sih dipake nya, terus byk busa nya jd pake sedikit aja tuh udah bisa full semuka ampe ke leher & cocok bgt buat kulitku yang sensitif",,,,
"Material bagus, packaging aman ga bocor. tekstur gel langsung meresap, aman dari fragrance, packaging pump juga hygenis. semoga kulit sensitif saya cocok. Terimakasih ya",,,,
"bagus, pasti RO",,,,
Baguus bagus cocok,,,,
"cepet bgt, cantik, mana dapet voucher lagi â¤ï¸",,,,
"cocok sama kulitku, light banget sih formulanya, dapet freebie giveaway juga <3",,,,
"Produk yg terbaru ini lebih bagus, lebih bisa blend ke kulit ketimbang yg saya beli awal2",,,,
"awalnya coba pakai, ternyata mayan cocok 

suka banget sama produknya",,,,
sesuai foto ğŸ’¯,,,,
"Bagus, ringan",,,,
barang berkualitas,,,,
barang berkualitas dan paket diterima dengan baik,,,,
"Packing aman, barangnya juga ori Skin Game. Masih nyobain. Mudah-mudahan cocok. ğŸ˜ŠğŸ™",,,,
"cocok banget pakai iniii, mau beli sama kind tonernya juga tapi abis",,,,
masih sedikit agak ketarik setelah cuci muka.. walaupun gk ketarik bgt bgt..,,,,
Mantap cuy rasanya kaya nano nano,,,,
"Bagus.pengiriman oke,dapet hadiah hair mask hahahaha",,,,
cangkepğŸ¤¸,,,,
Free Hair Spa Mask dan Voucher 25k ğŸ˜,,,,
My savior dikala muka lagi break out. Dulu sempet break out parah trus sembuh gara2 acne warrior ini ğŸ¥¹ğŸ¥¹âœ¨âœ¨âœ¨â¤ï¸,,,,
Paketan sampai belum dicoba tapi semoga cocok biar bisa pesen lagi,,,,
"Beli satu dapet banyak dong. Dikasih bonus hair spa mask sama voucher 25k buat beli baju.
Packagingnya bagus dan minimalis. Texturenya gel, dicoba oles ditangan butuh kiraâ€ satu menit baru meresap dan ga lengket. Sensasi waktu nyentuh kulit itu seger. Kalo kebanyakan dan belum menyerap sempurna, jelas akan sedikit lengketâ€ gitu kalo disentuh. Wanginya bukan kayak yg enak banget gitu tapi amanâ€ aja. 
Cocok banget buat kulit oily dan kombinasi. Untuk kulit kering juga bisa tapi penggunaannya akan lebih banyak atau mungkin bisa ditambah dengan penggunaan face oil.",,,,
Bagus bgt cocok pake ini semoga w ada duit buat beli iniğŸ˜­,,,,
"asik banget masih dapet free hair mask, sering2in order ada free ya ka seneng banget jadi pecinta skingame â¤ï¸â¤ï¸",,,,
"Dapat bonus hair mask juga, bagus sekali",,,,
"thank you, barangnya cepat sampai dan dapat bonus hair conditioner dan voucer belanja, makasih sekali lagi skin game semoga produknya cocok dan bermanfaat buat kulit ku",,,,
"pemesanan pertama, smg cocok dgn kulit sy.",,,,
No review found,,,,
No review found,,,,
No review found,,,,
"sampai dengan aman, semoga cocok ğŸ¤
makasih gift nyaa ğŸ«¶",,,,
"Sukaaa bangettt, pake semalam jerawat yg kecil jadi kering, trus jerawat batu juga mulai ngeluarin matanya dalam semalam. sekarang jerawat batunya udah mengering sedikit demi sedikitt",,,,
terima kasih free hair masknya ğŸ™ğŸ»,,,,
terima kasih free hair masknya ğŸ™ğŸ»,,,,
"produk nya sampai dengan cepat, dan dikasih bonus hair spa mask ğŸ‘ğŸ»ğŸ‘ğŸ»",,,,
"Hallo seller, ini pertama kalimya beli skin game acne warrior, ini salah satu woshlist ku sampe nabung nyisihin uang, eh pas ke checkout pengirimannya lama banget, estimasi tima tanggal 6, aku CO tanggal 1 baru sampe tanggal 8, padahal cuma dr jakarta ke jogja aja. terus pengirimannya pas aku cek malah lwt makassar, aneh bgt, karna uda sering beli barang di jakarta, paling lama 4 hari sampe, agak khawatir sbnrnya sama stabilitas obat dan sediaan produknya, tapi packaging aman si, semoga gapapa ya dan ngasi efek, walau teksturnya agak lengket dan warnanya ga bening ternyata, berharap banget sama produk ini, makasih",,,,
semogaa cocokk makasi juga freebiesnyaaa,,,,
Bagus bgt ga narik kulit tp moist minyak2 bersih,,,,
Diluar ekspektasi si. Tnyt mate tone up ga greasy ga minyakan pas bgt pake ini ga usa pk porefessional lg uda bagus,,,,
"Barang diterima dalam kondisi baik dan dapat dipergunakan dengan baik. Cocok untuk kulit, tidak gatal dan panas.",,,,
"baru coba sekali, semoga cocok
makasiih dapet bonusan jugaa",,,,
"Sdh langganan, tiap habis sll beli disini, kali ini dpt free gift, thank you so muchâ¤ï¸â¤ï¸â¤ï¸",,,,
"Setelah cocok sama moisturizer, skrg coba facial wash. Udahlah beli diskon dapet hair mask pula. Mantuliti",,,,
ada bonusnya. thannks!,,,,
Calming bruntusan cuma dalam 1 minggu wkwk keren! Cuma packaging serumnya sedikit nyebelin karena bentuknya pump gituu,,,,
Dapet bonus ğŸ˜ğŸ‘ŒğŸ‘,,,,
mksh layanan cepat n dpt bonus lg sip,,,,
"Serumnya cocok untuk saya sudah pembelian ke 2 lumayan bikin cerah wajah dan menyamarkan bekas jerawat dapat bonus hair mask untuk saat ini, thanks",,,,
"Pengiriman cepat, harga murah, dan dapat bonus hair mask",,,,
"baru mau nyoba sih, padahal penasaran udah lama.. eh malah dapet bonus hairmask â¤â¤â¤",,,,
ğŸ¥°ğŸ¥°ğŸ¥°,,,,
"respon seller cepat, pengiriman cepat, packing aman",,,,
"nyampenya cepet bgt, dan dapet bonus! thank you skingame, semoga your product especially this Kind Moisturizer is as kind as your name in my face <3",,,,
bagus buat dipake ditempat kerjağŸ˜˜,,,,
"udah lama pengen coba skingame tp maju mundur, semoga cocok ya kitağŸ«°ğŸ»",,,,
teksturnya cepet nyerap banget dikulit dan yang menyenangkan ternyata bantu menenangkan kulitku yang entah kenapa tiba2 kering dan iritasi. thanks skingame,,,,
"Kemasan bagus, packing aman, barang masih tersegel dan diterima dalam keadaan aman. Trims utk bonusnya ğŸ˜Š",,,,
"Kemasan bagus, packing aman, barang masih tersegel dan diterima dalam keadaan aman. Trims utk bonusnya ğŸ˜Š",,,,
"Formulasinya enak banget buat oily skin, tetep lembab tp nggak berat, affordable jg dgn harga segitu dan 150 mL ğŸ‘ğŸ»ğŸ‘ğŸ»ğŸ‘ğŸ»",,,,
"Dikasi free gift jg, keren2..",,,,
texturenya cair tapi sangat2 hydrating. berasa cuci muka tapi hydrating. tidak seperti merk lain yang hydrating tp berasa muka masih aja minyakan. akan repurchase karena harganya yang oke dan cocok dengan kulit. botolnya juga lucu. pakai almunium(?),,,,
"baru mau cobaaa, semoga cocokk! hehe dapet bonus hair spa mask thank you!",,,,
semoga aku juga cocok yaa sm produknya ğŸ¤—,,,,
Baru coba pertama kali. Semoga cocok!,,,,
"mantull, udh botol keduaağŸ‘ğŸ¼
selain melembabkan, di kulitku juga bisa bikin bruntusan agak hilang, pokoknya worth it untuk dibeliğŸ‘ğŸ¼ğŸ‘ğŸ¼ğŸ«¶ğŸ»ğŸ’—
seringÂ² adain diskon yh min whehe",,,,
"kalau lihat review2 skin game moisturizer ini murah krna dibawah 100rb dan isinya banyak 50ml. udah pakai kurang lebih 2 mingguan ini enak banget, gampang menyerap dan melembabkan kulitku yg keringg. terima kasih skin game!",,,,
No review found,,,,
No review found,,,,
"produk baik,semoga cocok.",,,,
No review found,,,,
"tekstur cair, mudah meresap, cocok untuk kulit kombinasi ku",,,,
Aman packingnya dan cepet servisnya. Sunscreen skin game sekarang jadi skincare basic favorit â™¥ï¸,,,,
Telah diterima,,,,
"Ukuran cocok utk dibawa traveling, seperti biasa moisturizer paling aman dan nyaman. Loveee ğŸ’",,,,
"Beli lagi yang moisturizer, dipake di kulit kerasa adem. Bikin kulit lembab. Ukurannya juga gede, isinya banyak, dan botolnya bener - bener aman. Sekarang mau coba yang facial washnya.
Suka sama botolnya. Cakep.",,,,
ğŸ‘ğŸ‘ cuma lumayan lama dipengiriman mungkin karna beda pulau ya.,,,,
"Barangnya sampai dengan aman. Katanya meredakan jerawat, semoga sangat ngaruh yaa, udah struggle dengan jerawat 3 bulan ini. 

Pengiriman lama, ntah karena dilayani lgsg dari tokped ataupun jasa ekspedisinya.",,,,
bagus kok kalo dikombinasi sm cream lainnya,,,,
"Baru pake 2 kali. Entah lebay atau gimana, tapi merasa jerawatnya udah lebih calmdown. Semoga memang ngefek",,,,
"pengemasan dan delivery cepat, barang tiba aman dan lengkap, berfungsi dengan baik, beli lagi untuk restock karena yg di rumah sudah habis",,,,
obat totol ter mantul walaupun harganya lumayan bikin sy boncos tapi tetap dibeli karna sebagusss ituuhh,,,,
"packagingnya bagus, suka
waktu di apply ke muka sedikit lengket tp kalo udah kering ngga lengket lg
udah hari ke 5 pemakaian, kemerahan bekas bruntusan memudar ğŸ‘ğŸ»",,,,
"Cocok sama kulit ak yg agak kering.. bukan yg sabun cuci muka bkin muka keset, tp bersih kokk ini.. teksturnya ak suka dan ga ad wanginya.. ğŸ‘ğŸ»ğŸ‘ğŸ» dapet hrg goodeal hihi thankyou",,,,
"paket diterima dgn baik,packingan amaaann",,,,
"barang orii, repurchase terus soalnya cocok. exp masih 12 2023",,,,
packingnya rapih dan aman. ukurannya mini. semoga cocok di kulit wajah yang berjerawat ini,,,,
bagus,,,,
bagus,,,,
"Cepett bgt sampeenyaa, bagusss, emang cocok pke obat jerawat skingame ini",,,,
"bagus banget packagingnya, belum coba smoga cocok di kulitku yg oily",,,,
No review found,,,,
"Spot Guard Serum: Serumnya hampir berbentuk krim (Kental) dibandingkan serum yang biasanya saya pakai (bening dan lebih cair)

Theory of Everything: essencenya enak, kemasan bagus untuk mengeluarkan essencenya, 

Untuk khasiatnya belum bisa saya kasih review karena baru 1x pakai",,,,
barang diterima dalam kondisi baik. bisa meredakan kemerahan di wajahğŸ‘ğŸ»,,,,
"pengiriman baik, rapi & aman. tekstur oke bagus juga. terima kasih",,,,
"bagus sepertinya, ga lgsg hilang jerawatnya sih tapi berprogres lah baru 3 hari pakai",,,,
"Cute banget packaging nya, udah beli bbrp skin game product, emang cocok, smoga ini juga works di aku!",,,,
serumnya bagus banget mudah menyerap bikin kulit adem,,,,
aju nice,,,,
baguus cocok ini uda tube kedua,,,,
Mantap ğŸ‘,,,,
Produk belum dicoba. Pengiriman tidak menggunakan bubble wrap hanya produk dan kotak pengiriman. saat dibuka botol terasa panas mungkin krn tidak di lapisi bubble wrap jadi langsung terpapar sinar matahari saat pengiriman semoga produk masi efektif kandungannya.,,,,
"belum coba pertama kali beli, semoga cocok :)

bintang 5 ini diberikan untuk respon admin dan pengantaran pesanan yg baik dan cepat",,,,
kaget bgt liat ukuran 15 gram,,,,
"Loooove banget akhirnya ada moisturizer yg teksturnya watery gel gini daaaan ukuran jumbo. 120ml harga segini itu definitely a steal banget sih. 

Lov banget juga kemasannya pump gini, jadinya super hiegienis ya.

Sebagai yang kulitnya kering, moisturizer tekstur kaya gini enak banget sih. Cepet banget menyerapnya juga dan tidak lengket.",,,,
amat sangat aweeeet,,,,
"st : oily acne prone

cepat menyerap, bikin lembab tapi ga becek(?) suka bangetğŸ¤",,,,
Mantul surantul ğŸ‘,,,,
semoga cocok dikulitkuğŸ«¶ğŸ»ğŸ«¶ğŸ»ğŸ«¶ğŸ»,,,,
bagus,,,,
Teksturnya ringan,,,,
"Datang dengan cepat dan aman! Langsung dipake, enak rasanya dikulit ğŸ¤ tapi masih harus dilihat lagi cocok enggaknya",,,,
"Cepat datang dan semua barang aman ğŸ¤ enak mini bgt, gampang dibawa kemana mana ğŸ¥° gasabar coba, semoga cocok!",,,,
harga affordable krna dpt promo. setia sama moisturizer ini krna gentle banget â¤ï¸â¤ï¸â¤ï¸,,,,
